,Hotspot Residue,Hotspot Index,nA,nC,nD,nE,nF,nG,nH,nI,nK,nL,nM,nN,nP,nQ,nR,nS,nT,nV,nW,nY,fA,fC,fD,fE,fF,fG,fH,fI,fK,fL,fM,fN,fP,fQ,fR,fS,fT,fV,fW,fY,total_counts
0,N1A,0,0,0,0,1,0,6,0,0,1,1,0,2,0,2,8,0,2,1,0,0,0.0,0.0,0.0,0.041666666666666664,0.0,0.25,0.0,0.0,0.041666666666666664,0.041666666666666664,0.0,0.08333333333333333,0.0,0.08333333333333333,0.3333333333333333,0.0,0.08333333333333333,0.041666666666666664,0.0,0.0,24
1,C2A,7,0,0,0,0,0,0,0,0,3,0,0,0,7,0,0,0,0,0,0,0,0.0,0.0,0.0,0.0,0.0,0.0,0.0,0.0,0.3,0.0,0.0,0.0,0.7,0.0,0.0,0.0,0.0,0.0,0.0,0.0,10
2,C4B,1,0,0,0,0,0,2,0,2,2,3,2,0,2,0,0,1,9,0,0,0,0.0,0.0,0.0,0.0,0.0,0.08695652173913043,0.0,0.08695652173913043,0.08695652173913043,0.13043478260869565,0.08695652173913043,0.0,0.08695652173913043,0.0,0.0,0.043478260869565216,0.391304347826087,0.0,0.0,0.0,23
3,O2A,2,0,0,0,0,0,0,12,0,0,0,0,0,0,0,2,0,0,0,0,0,0.0,0.0,0.0,0.0,0.0,0.0,0.8571428571428571,0.0,0.0,0.0,0.0,0.0,0.0,0.0,0.14285714285714285,0.0,0.0,0.0,0.0,0.0,14
4,O5P,3,0,0,0,0,8,1,0,3,0,1,4,2,2,0,0,2,0,0,0,1,0.0,0.0,0.0,0.0,0.3333333333333333,0.041666666666666664,0.0,0.125,0.0,0.041666666666666664,0.16666666666666666,0.08333333333333333,0.08333333333333333,0.0,0.0,0.08333333333333333,0.0,0.0,0.0,0.041666666666666664,24
5,C3P,4,5,0,0,0,1,4,4,5,10,0,0,2,1,0,0,5,0,0,0,4,0.12195121951219512,0.0,0.0,0.0,0.024390243902439025,0.0975609756097561,0.0975609756097561,0.12195121951219512,0.24390243902439024,0.0,0.0,0.04878048780487805,0.024390243902439025,0.0,0.0,0.12195121951219512,0.0,0.0,0.0,0.0975609756097561,41
6,N4P,5,2,0,2,0,0,0,0,0,0,0,0,2,0,0,0,0,0,2,0,2,0.2,0.0,0.2,0.0,0.0,0.0,0.0,0.0,0.0,0.0,0.0,0.2,0.0,0.0,0.0,0.0,0.0,0.2,0.0,0.2,10
7,N6A,6,0,0,0,0,0,1,0,0,10,0,0,0,0,0,0,0,0,0,0,1,0.0,0.0,0.0,0.0,0.0,0.08333333333333333,0.0,0.0,0.8333333333333334,0.0,0.0,0.0,0.0,0.0,0.0,0.0,0.0,0.0,0.0,0.08333333333333333,12
