,Hotspot Residue,Hotspot Index,nA,nC,nD,nE,nF,nG,nH,nI,nK,nL,nM,nN,nP,nQ,nR,nS,nT,nV,nW,nY,fA,fC,fD,fE,fF,fG,fH,fI,fK,fL,fM,fN,fP,fQ,fR,fS,fT,fV,fW,fY,total_counts
0,G147,0,0,0,0,1,0,13,0,0,0,0,0,0,0,0,0,1,0,0,0,0,0.0,0.0,0.0,0.06666666666666667,0.0,0.8666666666666667,0.0,0.0,0.0,0.0,0.0,0.0,0.0,0.0,0.0,0.06666666666666667,0.0,0.0,0.0,0.0,15
1,A146,2,0,0,0,0,0,0,0,0,0,0,0,0,0,0,1,15,0,0,0,1,0.0,0.0,0.0,0.0,0.0,0.0,0.0,0.0,0.0,0.0,0.0,0.0,0.0,0.0,0.058823529411764705,0.8823529411764706,0.0,0.0,0.0,0.058823529411764705,17
2,G147,8,0,0,0,0,6,0,0,3,0,3,0,0,0,0,0,0,0,1,0,0,0.0,0.0,0.0,0.0,0.46153846153846156,0.0,0.0,0.23076923076923078,0.0,0.23076923076923078,0.0,0.0,0.0,0.0,0.0,0.0,0.0,0.07692307692307693,0.0,0.0,13
3,G147,1,0,0,0,0,0,0,0,6,0,0,0,0,0,0,0,0,11,0,0,0,0.0,0.0,0.0,0.0,0.0,0.0,0.0,0.35294117647058826,0.0,0.0,0.0,0.0,0.0,0.0,0.0,0.0,0.6470588235294118,0.0,0.0,0.0,17
4,A146,3,0,0,0,0,0,0,0,0,0,0,0,16,0,0,0,0,0,0,0,0,0.0,0.0,0.0,0.0,0.0,0.0,0.0,0.0,0.0,0.0,0.0,1.0,0.0,0.0,0.0,0.0,0.0,0.0,0.0,0.0,16
5,K129,4,0,0,0,0,0,0,0,0,0,0,0,0,1,0,0,16,0,0,0,0,0.0,0.0,0.0,0.0,0.0,0.0,0.0,0.0,0.0,0.0,0.0,0.0,0.058823529411764705,0.0,0.0,0.9411764705882353,0.0,0.0,0.0,0.0,17
6,S130,5,0,0,0,0,0,17,0,0,0,0,0,0,0,0,0,0,0,0,0,0,0.0,0.0,0.0,0.0,0.0,1.0,0.0,0.0,0.0,0.0,0.0,0.0,0.0,0.0,0.0,0.0,0.0,0.0,0.0,0.0,17
7,S130,6,0,0,0,0,0,17,0,0,0,0,0,0,0,0,0,0,0,0,0,0,0.0,0.0,0.0,0.0,0.0,1.0,0.0,0.0,0.0,0.0,0.0,0.0,0.0,0.0,0.0,0.0,0.0,0.0,0.0,0.0,17
8,T86,7,1,0,0,0,0,0,0,0,0,0,0,0,0,0,0,16,0,0,0,0,0.058823529411764705,0.0,0.0,0.0,0.0,0.0,0.0,0.0,0.0,0.0,0.0,0.0,0.0,0.0,0.0,0.9411764705882353,0.0,0.0,0.0,0.0,17
