,Hotspot Residue,Hotspot Index,nA,nC,nD,nE,nF,nG,nH,nI,nK,nL,nM,nN,nP,nQ,nR,nS,nT,nV,nW,nY,fA,fC,fD,fE,fF,fG,fH,fI,fK,fL,fM,fN,fP,fQ,fR,fS,fT,fV,fW,fY,total_counts
0,N1A,0,4,0,0,0,0,2,0,1,0,3,1,0,0,0,2,2,0,0,0,0,0.26666666666666666,0.0,0.0,0.0,0.0,0.13333333333333333,0.0,0.06666666666666667,0.0,0.2,0.06666666666666667,0.0,0.0,0.0,0.13333333333333333,0.13333333333333333,0.0,0.0,0.0,0.0,15
1,N6A,1,5,2,0,0,4,4,0,8,0,8,11,2,3,0,2,2,2,12,0,7,0.06944444444444445,0.027777777777777776,0.0,0.0,0.05555555555555555,0.05555555555555555,0.0,0.1111111111111111,0.0,0.1111111111111111,0.1527777777777778,0.027777777777777776,0.041666666666666664,0.0,0.027777777777777776,0.027777777777777776,0.027777777777777776,0.16666666666666666,0.0,0.09722222222222222,72
2,C2A,6,4,0,0,1,2,0,0,3,4,0,0,2,0,0,2,0,0,2,0,0,0.2,0.0,0.0,0.05,0.1,0.0,0.0,0.15,0.2,0.0,0.0,0.1,0.0,0.0,0.1,0.0,0.0,0.1,0.0,0.0,20
3,S1P,3,2,1,1,0,1,2,0,8,0,2,0,13,3,0,0,0,5,0,1,0,0.05128205128205128,0.02564102564102564,0.02564102564102564,0.0,0.02564102564102564,0.05128205128205128,0.0,0.20512820512820512,0.0,0.05128205128205128,0.0,0.3333333333333333,0.07692307692307693,0.0,0.0,0.0,0.1282051282051282,0.0,0.02564102564102564,0.0,39
4,N6A,2,3,2,1,0,2,21,6,10,0,1,4,2,4,0,0,1,0,0,0,5,0.04838709677419355,0.03225806451612903,0.016129032258064516,0.0,0.03225806451612903,0.3387096774193548,0.0967741935483871,0.16129032258064516,0.0,0.016129032258064516,0.06451612903225806,0.03225806451612903,0.06451612903225806,0.0,0.0,0.016129032258064516,0.0,0.0,0.0,0.08064516129032258,62
5,O2A,8,0,0,0,0,0,0,0,3,2,1,0,0,0,0,1,0,0,0,0,0,0.0,0.0,0.0,0.0,0.0,0.0,0.0,0.42857142857142855,0.2857142857142857,0.14285714285714285,0.0,0.0,0.0,0.0,0.14285714285714285,0.0,0.0,0.0,0.0,0.0,7
6,CDP,7,2,0,0,0,0,0,8,0,0,0,0,0,0,0,0,0,2,1,0,0,0.15384615384615385,0.0,0.0,0.0,0.0,0.0,0.6153846153846154,0.0,0.0,0.0,0.0,0.0,0.0,0.0,0.0,0.0,0.15384615384615385,0.07692307692307693,0.0,0.0,13
7,O5P,4,1,0,0,0,0,16,0,0,0,0,0,0,0,0,0,0,0,0,1,0,0.05555555555555555,0.0,0.0,0.0,0.0,0.8888888888888888,0.0,0.0,0.0,0.0,0.0,0.0,0.0,0.0,0.0,0.0,0.0,0.0,0.05555555555555555,0.0,18
8,O2A,5,1,0,0,0,0,0,0,1,0,2,0,8,0,0,0,0,0,1,0,2,0.06666666666666667,0.0,0.0,0.0,0.0,0.0,0.0,0.06666666666666667,0.0,0.13333333333333333,0.0,0.5333333333333333,0.0,0.0,0.0,0.0,0.0,0.06666666666666667,0.0,0.13333333333333333,15
