,Hotspot Residue,Hotspot Index,nA,nC,nD,nE,nF,nG,nH,nI,nK,nL,nM,nN,nP,nQ,nR,nS,nT,nV,nW,nY,fA,fC,fD,fE,fF,fG,fH,fI,fK,fL,fM,fN,fP,fQ,fR,fS,fT,fV,fW,fY,total_counts
0,C2A,0,4,0,0,1,2,0,0,3,4,0,0,2,0,0,2,0,0,2,0,0,0.2,0.0,0.0,0.05,0.1,0.0,0.0,0.15,0.2,0.0,0.0,0.1,0.0,0.0,0.1,0.0,0.0,0.1,0.0,0.0,20
1,N1A,1,5,2,0,0,4,6,0,9,0,10,11,2,3,0,2,2,2,12,0,7,0.06493506493506493,0.025974025974025976,0.0,0.0,0.05194805194805195,0.07792207792207792,0.0,0.11688311688311688,0.0,0.12987012987012986,0.14285714285714285,0.025974025974025976,0.03896103896103896,0.0,0.025974025974025976,0.025974025974025976,0.025974025974025976,0.15584415584415584,0.0,0.09090909090909091,77
2,N6A,2,1,0,0,0,0,17,0,0,0,0,0,0,0,0,0,0,0,0,1,0,0.05263157894736842,0.0,0.0,0.0,0.0,0.8947368421052632,0.0,0.0,0.0,0.0,0.0,0.0,0.0,0.0,0.0,0.0,0.0,0.0,0.05263157894736842,0.0,19
3,N6A,3,3,2,1,0,2,20,6,10,0,1,4,2,4,0,0,1,0,0,0,5,0.04918032786885246,0.03278688524590164,0.01639344262295082,0.0,0.03278688524590164,0.32786885245901637,0.09836065573770492,0.16393442622950818,0.0,0.01639344262295082,0.06557377049180328,0.03278688524590164,0.06557377049180328,0.0,0.0,0.01639344262295082,0.0,0.0,0.0,0.08196721311475409,61
4,O3A,8,2,0,0,0,0,0,8,0,0,0,0,0,0,0,0,0,2,1,0,0,0.15384615384615385,0.0,0.0,0.0,0.0,0.0,0.6153846153846154,0.0,0.0,0.0,0.0,0.0,0.0,0.0,0.0,0.0,0.15384615384615385,0.07692307692307693,0.0,0.0,13
5,O2A,5,1,0,0,0,0,0,0,3,2,1,0,6,0,0,1,0,0,1,0,0,0.06666666666666667,0.0,0.0,0.0,0.0,0.0,0.0,0.2,0.13333333333333333,0.06666666666666667,0.0,0.4,0.0,0.0,0.06666666666666667,0.0,0.0,0.06666666666666667,0.0,0.0,15
6,N7A,7,0,0,0,0,0,0,0,1,0,2,0,2,0,0,0,0,0,0,0,2,0.0,0.0,0.0,0.0,0.0,0.0,0.0,0.14285714285714285,0.0,0.2857142857142857,0.0,0.2857142857142857,0.0,0.0,0.0,0.0,0.0,0.0,0.0,0.2857142857142857,7
7,N6A,4,2,1,1,0,1,2,0,8,0,2,0,13,3,0,0,0,5,0,1,0,0.05128205128205128,0.02564102564102564,0.02564102564102564,0.0,0.02564102564102564,0.05128205128205128,0.0,0.20512820512820512,0.0,0.05128205128205128,0.0,0.3333333333333333,0.07692307692307693,0.0,0.0,0.0,0.1282051282051282,0.0,0.02564102564102564,0.0,39
8,N6A,6,4,0,0,0,0,0,0,0,0,1,1,0,0,0,2,2,0,0,0,0,0.4,0.0,0.0,0.0,0.0,0.0,0.0,0.0,0.0,0.1,0.1,0.0,0.0,0.0,0.2,0.2,0.0,0.0,0.0,0.0,10
